tool,slug,x_handle,tweets_returned,useful_count,bad_count,proof_quality_score,best_3_tweet_urls,notes
11x,11x,@11x_official,20,19,1,100,https://x.com/LorimerVentures/status/1974162598854566263 | https://x.com/LangChain/status/1934653983710453926 | https://x.com/shcallaway/status/1914122950615375965,hard_reject_crypto_noise:1
Activepieces,activepieces,@activepieces,20,19,1,100,https://x.com/_adarshtwt/status/1977004303907766506 | https://x.com/ThatsEFM/status/1971205763407532437 | https://x.com/akramcodez/status/1997278348314353889,hard_reject_non_english:1
Adapt,adapt,@adapt,16,10,2,100,https://x.com/coresculture/status/2051481279787303033 | https://x.com/gamn4life/status/2038336956929613827 | https://x.com/Ronald_vanLoon/status/2041531621640200620,hard_reject_crypto_noise:1; hard_reject_non_english:1
Adobe Firefly,adobe-firefly,@AdobeFirefly,20,20,0,100,https://x.com/AunySillyMe/status/2061621867287638371 | https://x.com/azed_ai/status/2061811078179504553 | https://x.com/theogsavageaeri/status/2061801394793828752,
Agent A | Ahrefs,agent-a-ahrefs,@ahrefs,20,14,6,100,https://x.com/timsoulo/status/2061796432534003866 | https://x.com/illyism/status/2059313831260967349 | https://x.com/lilyraynyc/status/2064092638341382510,hard_reject_non_english:5; hard_reject_crypto_noise:1
AgentOps,agentops,@AgentOpsAI,20,19,1,100,https://x.com/n_sri_laasya/status/1955451076649554290 | https://x.com/adamsilverman/status/1947683142531170468 | https://x.com/n_sri_laasya/status/1950337080988721459,hard_reject_crypto_noise:1
Amazon Bedrock,amazon-bedrock,@awscloud,20,14,6,100,https://x.com/NBA/status/2062580145475756125 | https://x.com/QuinnyPig/status/2062720143193719218 | https://x.com/TruthNetwork24/status/2062825585718509769,hard_reject_non_english:3; hard_reject_crypto_noise:4
Anthropic Console,anthropic-console,@AnthropicAI,20,16,4,100,https://x.com/zendadddy/status/2062973067354419656 | https://x.com/femisapien_z/status/2062984764441932127 | https://x.com/ilex_ulmus/status/2062976916286501265,hard_reject_crypto_noise:3; hard_reject_non_english:1
Apollo,apollo,@useapolloio,20,10,1,100,https://x.com/riyazmd774/status/2051251563428266141 | https://x.com/orthogonal_sh/status/2034309645473579348 | https://x.com/__brandoncorona/status/2052203121770991733,hard_reject_crypto_noise:1
Arize Phoenix,arize-phoenix,@ArizeAI,20,20,0,100,https://x.com/kleffew94/status/2062955504754958433 | https://x.com/Londonmaxxing/status/2062536130147307543 | https://x.com/chintanturakhia/status/2063114041678299169,
AssemblyAI,assemblyai,@AssemblyAI,20,16,4,100,https://x.com/svpino/status/2057479207429767201 | https://x.com/jasonkneen/status/2053204909445587136 | https://x.com/hermes_f/status/2062515954513318118,hard_reject_crypto_noise:3; hard_reject_non_english:1
Augment Code,augment-code,@augmentcode,20,19,1,100,https://x.com/claudeai/status/2059662933924123044 | https://x.com/mikeysee/status/2048347817391919261 | https://x.com/warpdotdev/status/2047413260820127936,hard_reject_crypto_noise:1
AutoGen,autogen,@MSFTResearch,20,20,0,100,https://x.com/shuhaibmehri/status/2053854963667796064 | https://x.com/TeksEdge/status/2054970084364636356 | https://x.com/SamarthP6/status/2060644384820134399,
Avaturn,avaturn,@avaturn_me,20,17,3,100,https://x.com/PaigePiskin/status/1844623371922751632 | https://x.com/RFOX_VALT/status/1768653428962570745 | https://x.com/DataChaz/status/2059611807057101308,hard_reject_non_english:3
Azure AI Foundry,azure-ai-foundry,@Azure,20,18,2,100,https://x.com/kunalstwt/status/2062159744756822266 | https://x.com/C3_AI/status/2062548964809809947 | https://x.com/acoustik/status/2062003786022010888,hard_reject_crypto_noise:2
Basedash,basedash,@Basedash,20,19,1,100,https://x.com/rabi_guha/status/2041547036529709191 | https://x.com/MarkKnd/status/2032427954806915170 | https://x.com/KrisLachance/status/2059729739145768984,hard_reject_crypto_noise:1
Baseten,baseten,@basetenco,20,18,2,100,https://x.com/NVIDIAAIDev/status/2027515673212293362 | https://x.com/mon__lim/status/2033359034888462517 | https://x.com/creebeauvoir/status/2032681728528310339,hard_reject_non_english:1; hard_reject_crypto_noise:1
Bland AI,bland-ai,@usebland,20,20,0,100,https://x.com/MarioNawfal/status/2036844140227387660 | https://x.com/brycent/status/2063764717726822735 | https://x.com/TechCrunch/status/2037552726310093240,
Bolt,bolt,@boltdotnew,20,10,1,100,https://x.com/claudeai/status/2059662933924123044 | https://x.com/levelsio/status/2059670995259015647 | https://x.com/trynullsec/status/2060684049325199624,hard_reject_crypto_noise:1
Botpress,botpress,@getbotpress,20,17,3,100,https://x.com/alexbouchardd/status/1970158668621697381 | https://x.com/TysonLester/status/1904869661055082907 | https://x.com/DFdavidfontaine/status/1991286003034681370,hard_reject_crypto_noise:3
Browserbase,browserbase,@browserbase,20,20,0,100,https://x.com/harsehaj/status/2062606711899426862 | https://x.com/thunderking_ola/status/2062580141016928396 | https://x.com/naturalpay/status/2062239641257050231,
Buffer API,buffer-api,@buffer,20,17,3,100,https://x.com/mepusica/status/2060962648527864056 | https://x.com/n7studios/status/2059624429362041130 | https://x.com/juste_petr/status/2059650965246980289,hard_reject_non_english:2; hard_reject_crypto_noise:1
Canva AI,canva-ai,@canva,20,19,1,100,https://x.com/aaliya_va/status/2062428520081682510 | https://x.com/SayoOpajimi/status/2061336519521034565 | https://x.com/Jhoie__/status/2062439555081392155,hard_reject_non_english:1
CapCut,capcut,@capcutapp,20,10,5,100,https://x.com/GilangR90760584/status/2062473899586244793 | https://x.com/0xileri/status/2062530776294363401 | https://x.com/hedo_ist/status/2062262053339885711,hard_reject_non_english:4; hard_reject_crypto_noise:1; hard_reject_bluechip_crypto_noise:1
Cartesia,cartesia,@cartesia,20,19,1,100,https://x.com/TRIOMA_AI/status/2063962778398810381 | https://x.com/bolna_dev/status/2060331669446438924 | https://x.com/voicearena_ai/status/2063588923511894365,hard_reject_crypto_noise:1
CatDoes,catdoes,@catdoeshq,20,10,1,100,https://x.com/yeonjidev/status/2012493290277323161 | https://x.com/thisiskp_/status/1962954108173951424 | https://x.com/ayushagarwal/status/2046516198318412114,hard_reject_non_english:1
Character.AI,character-ai,@character_ai,20,19,1,100,https://x.com/GovernorShapiro/status/2057891616275206164 | https://x.com/GovernorShapiro/status/2052462762488717339 | https://x.com/PAGovOffice/status/2057924550663585842,hard_reject_crypto_noise:1
ChatGPT,chatgpt,@ChatGPTapp,20,10,3,100,https://x.com/Cryptic_Web3/status/2062585829856334142 | https://x.com/abs_uiux/status/2062468875556401157 | https://x.com/abs_uiux/status/2062540033639264447,hard_reject_non_english:3
Chroma,chroma,@trychroma,20,19,1,100,https://x.com/_philschmid/status/2037882673616592916 | https://x.com/HammadTime/status/2039809222792409295 | https://x.com/daniel_mac8/status/2040837274124886091,hard_reject_crypto_noise:1
Claude,claude,@claudeai,20,10,4,100,https://x.com/0xBoku/status/2062614342311514555 | https://x.com/Cryptic_Web3/status/2062585829856334142 | https://x.com/james_mccomish/status/2062537346801688761,hard_reject_crypto_noise:4; hard_reject_bluechip_crypto_noise:4
Claude Code,claude-code,@AnthropicAI,20,16,4,100,https://x.com/zendadddy/status/2062973067354419656 | https://x.com/femisapien_z/status/2062984764441932127 | https://x.com/ilex_ulmus/status/2062976916286501265,hard_reject_crypto_noise:3; hard_reject_non_english:1
Cline,cline,@cline,20,19,1,100,https://x.com/BranaRakic/status/2053870229432787306 | https://x.com/MiniMax_AI/status/2061291068570890528 | https://x.com/MiniMax_AI/status/2054616782313582973,hard_reject_non_english:1
Codeium,codeium,@codeiumdev,20,18,2,100,https://x.com/anjalisayswhat/status/1914629699789365274 | https://x.com/CorinneMRiley/status/1909334846499086810 | https://x.com/chrmanning/status/1910398401935794417,hard_reject_non_english:1; hard_reject_crypto_noise:1
CodeRabbit,coderabbit,@coderabbitai,20,20,0,100,https://x.com/MatthewGunnin/status/2062327897688305956 | https://x.com/verycracked/status/2061993884323098641 | https://x.com/jdxcode/status/2061152012528394626,
Cohere,cohere,@cohere,20,17,3,100,https://x.com/tokifyi/status/2061496284931141914 | https://x.com/jameygannon/status/2061196746277916836 | https://x.com/lucashjin/status/2062646181017121179,hard_reject_non_english:1; hard_reject_crypto_noise:2
Comet,comet,@comet,20,19,1,100,https://x.com/EFFYlives/status/2063257540138312053 | https://x.com/jasminstclaire/status/2060753878795370798 | https://x.com/JULIANMEOFICIAL/status/2054685855105609761,hard_reject_non_english:1
ComfyUI,comfyui,@ComfyUI,20,17,3,100,https://x.com/ingi_erlingsson/status/2062568030010265822 | https://x.com/NVIDIARTXSpark/status/2061825397868630454 | https://x.com/RadianceFields/status/2061515964127039683,hard_reject_crypto_noise:1; hard_reject_non_english:2
Consensus,consensus,@ConsensusNLP,20,13,7,100,https://x.com/1752vc/status/2060052388812374161 | https://x.com/TimDraper/status/2054275502991720818 | https://x.com/BioLayne/status/2053871163193839640,hard_reject_non_english:4; hard_reject_crypto_noise:3
Continue.dev,continue-dev,@continuedev,20,19,1,100,https://x.com/COTInetwork/status/2036375165823586521 | https://x.com/vincent_koc/status/2048260059256521035 | https://x.com/solvrbot/status/2061008655718502851,hard_reject_crypto_noise:1
Copy.ai,copy-ai,@copy_ai,20,17,3,100,https://x.com/UiSavior/status/2007576371397005750 | https://x.com/RAVIKUMARSAHU78/status/2017579403824554079 | https://x.com/janetmachuka_/status/2033871774228590755,hard_reject_crypto_noise:2; hard_reject_non_english:1
Coworker AI,coworker-ai,@coworkerapp,20,20,0,100,https://x.com/Jags100x/status/2060086606350934081 | https://x.com/FASTERRDADDY/status/2060096539872161846 | https://x.com/biscuitweb3/status/2060079609748631820,
Crawl4AI,crawl4ai,@crawl4ai,14,12,2,100,https://x.com/unclecode/status/2060354301483168009 | https://x.com/BrettDavies/status/1891686873828852178 | https://x.com/papermoon98/status/1941105827336831299,hard_reject_crypto_noise:1; hard_reject_non_english:1
CrewAI,crewai,@crewAIInc,20,18,2,100,https://x.com/akshay_pachaar/status/2052691407421538805 | https://x.com/brave/status/2061457904801132811 | https://x.com/DataChaz/status/2062563550606860470,hard_reject_crypto_noise:2
Cursor,cursor,@cursor_ai,20,10,3,100,https://x.com/atvictor/status/2062661356579422681 | https://x.com/benkimbuilds/status/2062569819535266138 | https://x.com/ladicodez/status/2062581695875031354,hard_reject_crypto_noise:1; hard_reject_bluechip_crypto_noise:2; hard_reject_non_english:1
D-ID,d-id,@D_ID_,20,13,7,100,https://x.com/HooCrypto/status/2062557675104141484 | https://x.com/__padmanabhan/status/2062107584728104988 | https://x.com/orinthomas/status/1924595977710928067,hard_reject_crypto_noise:5; hard_reject_non_english:3
DALL-E,dall-e,@OpenAI,20,11,9,100,https://x.com/adityavg13/status/2062969651777118495 | https://x.com/Ppkook4/status/2062962179012489720 | https://x.com/rahaincrease/status/2062974769692336262,hard_reject_non_english:9
Databox MCP,databox-mcp,@databoxHQ,10,10,0,100,https://x.com/anujcodes_21/status/2061364816409927748 | https://x.com/RohanChaubey4/status/2034259043976712451 | https://x.com/LangChain/status/2057534426293174709,
Databricks Mosaic AI,databricks-mosaic-ai,@databricks,20,19,1,100,https://x.com/ShannonJoyRadio/status/2062257095118922190 | https://x.com/Covalent_HQ/status/2061870572028727403 | https://x.com/ApacheSpark/status/2061921064415007079,hard_reject_crypto_noise:1
Deepgram,deepgram,@DeepgramAI,20,19,1,100,https://x.com/jasonkneen/status/2053204909445587136 | https://x.com/kwindla/status/2050689078979596762 | https://x.com/nvidia/status/2064473736737358105,hard_reject_non_english:1
DeepSeek,deepseek,@deepseek_ai,20,14,6,100,https://x.com/digitalocean/status/2061858726693511520 | https://x.com/happycapyai/status/2062547132285087988 | https://x.com/Presidentlin/status/2062232427125199275,hard_reject_crypto_noise:5; hard_reject_non_english:1
Descript,descript,@descript,20,10,1,100,https://x.com/biscuitweb3/status/2059628891895931144 | https://x.com/jayneil/status/2054950971948847370 | https://x.com/yxgna_12/status/2061226503145156719,hard_reject_non_english:1
Devin,devin,@cognition_labs,20,17,3,100,https://x.com/zjasper/status/1952576100498133109 | https://x.com/NVIDIAAI/status/2002061365075124344 | https://x.com/MANkol181777/status/1989311492517244942,hard_reject_crypto_noise:2; hard_reject_non_english:1
Dia Browser,dia-browser,@diabrowser,20,16,4,100,https://x.com/adamstern_/status/2056755652635054452 | https://x.com/ryanzhuuuu/status/2055779005706670158 | https://x.com/mcannonbrookes/status/2057932050850861483,hard_reject_non_english:4
Dify,dify,@dify_ai,20,15,5,100,https://x.com/iHarnoorSingh/status/2038755490226913661 | https://x.com/gmi_cloud/status/2038684526495621322 | https://x.com/OrcaRouter/status/2056626805449338996,hard_reject_non_english:2; hard_reject_crypto_noise:3
ElevenLabs,elevenlabs,@ElevenLabs,20,10,1,100,https://x.com/mati/status/2062579348062839057 | https://x.com/ElevenCreative/status/2062580873027866962 | https://x.com/aleximm/status/2062545701679350109,hard_reject_non_english:1
Elicit,elicit,@elicitorg,20,19,1,100,https://x.com/natalienkhalil/status/2050288511622979862 | https://x.com/bimedotcom/status/1995872030214832245 | https://x.com/VivaLaPanda/status/2032143906994078023,hard_reject_non_english:1
Fellou,fellou,@FellouAI,20,16,4,100,https://x.com/TansuYegen/status/1964693909478498700 | https://x.com/altiamkabir/status/1964344156203209047 | https://x.com/JaydenDavid23/status/1972404252195815752,hard_reject_crypto_noise:3; hard_reject_non_english:1
Figma AI,figma-ai,@figma,20,16,4,100,https://x.com/joshclemm/status/2062938722921001461 | https://x.com/GregHuntoon/status/2062941936198226245 | https://x.com/IfeoluwaAjeigb1/status/2062921172040216579,hard_reject_non_english:1; hard_reject_crypto_noise:3
Firecrawl,firecrawl,@firecrawl_dev,20,19,1,100,https://x.com/ericciarla/status/1995172052110918012 | https://x.com/tomosman/status/1995183749190070418 | https://x.com/nickscamara_/status/1998827924737372422,hard_reject_crypto_noise:1
Fireflies.ai,fireflies-ai,@firefliesai,20,17,3,100,https://x.com/virgin_hunter69/status/2054520937530470600 | https://x.com/youfadedwealth/status/2017269458822180917 | https://x.com/TimHaldorsson/status/2046584228263977345,hard_reject_crypto_noise:2; hard_reject_non_english:1
Fireworks AI,fireworks-ai,@FireworksAI_HQ,20,18,2,100,https://x.com/MiniMax_AI/status/2062316914618388758 | https://x.com/dzhulgakov/status/2061877175410934210 | https://x.com/lqiao/status/2062048485181137184,hard_reject_non_english:1; hard_reject_crypto_noise:1
Floot,floot,@floothq,20,10,5,100,https://x.com/yyjhao/status/2003149705556250761 | https://x.com/yyjhao/status/2031040264870244417 | https://x.com/yyjhao/status/2019456812945420670,hard_reject_crypto_noise:2; hard_reject_non_english:3
Flowise,flowise,@FlowiseAI,20,17,3,100,https://x.com/leonvz/status/1955227083874931107 | https://x.com/buchatech/status/1949925027404796168 | https://x.com/truefoundry/status/1945011880231096327,hard_reject_non_english:3
Flux (Black Forest Labs),flux-black-forest-labs,@bfl_ml,20,20,0,100,https://x.com/ChrisGe05/status/2059081067928416615 | https://x.com/fal/status/2057562826030387431 | https://x.com/stacy_muur/status/2061788423674109981,
folk,folk,@FolkHQ,20,17,3,100,https://x.com/pollock/status/2008263927038169401 | https://x.com/hobdaydesign/status/1905286365639569769 | https://x.com/dylsphillips/status/1877440346445197689,hard_reject_non_english:3
Framer,framer,@framer,20,10,2,100,https://x.com/cedric_design/status/2062565378862276764 | https://x.com/MikeXBranderest/status/2062586230341058771 | https://x.com/DesignedByPaul/status/2062586517319475247,hard_reject_crypto_noise:2
Framer AI,framer-ai,@framer,20,10,2,100,https://x.com/cedric_design/status/2062565378862276764 | https://x.com/MikeXBranderest/status/2062586230341058771 | https://x.com/DesignedByPaul/status/2062586517319475247,hard_reject_crypto_noise:2
Freepik AI,freepik-ai,@freepik,20,19,1,100,https://x.com/Anima_Labs/status/2059945501949104496 | https://x.com/beholdthe84/status/2049175520177180919 | https://x.com/abandonedmuse/status/2049233320760705201,hard_reject_non_english:1
Fundraisly,fundraisly,@Fundraisely,17,16,1,100,https://x.com/superteamIE/status/1983101949319970997 | https://x.com/irishnftgal/status/2049800743591231980 | https://x.com/buddiesforpaws/status/2048774724650680349,hard_reject_crypto_noise:1
Gamma,gamma,@GammaApp,20,10,0,100,https://x.com/rosemoni18/status/2061193894080233980 | https://x.com/nikola_mr64990/status/2061348221214150716 | https://x.com/hayyantechtalks/status/2061743220951072985,
Genspark,genspark,@genspark_ai,20,16,4,100,https://x.com/claudeai/status/2057854403558653983 | https://x.com/tanayj/status/2056562736772051376 | https://x.com/DCBK2LA/status/2060780648495808599,hard_reject_non_english:3; hard_reject_crypto_noise:1
GitHub Copilot,github-copilot,@github,20,17,3,100,https://x.com/XBOXGameDev/status/2062595972212068561 | https://x.com/5mukx/status/2062424611476975763 | https://x.com/5mukx/status/2062575012784251229,hard_reject_crypto_noise:3
Glassnode,glassnode,@glassnode,20,13,7,100,https://x.com/Defi_Warhol/status/2059555501139169348 | https://x.com/Cointelegraph/status/2059301147257577658 | https://x.com/Cointelegraph/status/2058923644307259464,hard_reject_crypto_noise:4; hard_reject_non_english:4
Glean,glean,@glean,20,10,3,100,https://x.com/tonygentilcore/status/2057499327224848864 | https://x.com/jainarvind/status/2062520770715173091 | https://x.com/jainarvind/status/2059777832470139020,hard_reject_crypto_noise:3
Google Gemini,google-gemini,@GeminiApp,19,15,4,100,https://x.com/pictsbyai/status/2062943024716382368 | https://x.com/asklumo/status/2062945041564553249 | https://x.com/codi_fyy/status/2062905508164669804,hard_reject_crypto_noise:3; hard_reject_non_english:2
Grammarly,grammarly,@Grammarly,20,18,2,100,https://x.com/mikesmith187/status/1983847375987994928 | https://x.com/gauravvohra/status/1983604439828353473 | https://x.com/prukalpa/status/1983682975071138289,hard_reject_crypto_noise:2
Granola,granola,@meetgranola,20,10,0,100,https://x.com/paularambles/status/2061121761941602406 | https://x.com/bruvimtired/status/2062056525766533425 | https://x.com/soleio/status/2061493565294006499,
Grok,grok,@grok,17,10,5,100,https://x.com/stonetoss/status/2062656107110105389 | https://x.com/cyberjujuuu/status/2062652362934690128 | https://x.com/OloriebiBet/status/2062657452932202648,hard_reject_non_english:5
Groq,groq,@GroqInc,20,15,5,100,https://x.com/ringmagazine/status/2058294542772633983 | https://x.com/Travis_Sch/status/2062195814693278134 | https://x.com/remilouf/status/2055602689728237612,hard_reject_crypto_noise:4; hard_reject_non_english:1
Gumloop,gumloop,@gumloop,20,18,2,100,https://x.com/lennysan/status/2046685688763154800 | https://x.com/gustaf/status/2044939204405387533 | https://x.com/josephbath27/status/2059031630660993171,hard_reject_crypto_noise:2
H2O.ai,h2o-ai,@h2oai,20,10,2,100,https://x.com/srisatish/status/1884690803869860150 | https://x.com/srisatish/status/1884688578627985686 | https://x.com/pandeyparul/status/1847097989703389694,hard_reject_crypto_noise:1; hard_reject_non_english:1
Hailuo,hailuo,@Hailuo_AI,20,16,4,100,https://x.com/I_amShiti/status/2064339171939135835 | https://x.com/Strength04_X/status/2064164125924855968 | https://x.com/JayKay65220066/status/2063954209393803403,hard_reject_non_english:3; hard_reject_crypto_noise:1
Haiper,haiper,@HaiperGenAI,20,13,7,100,https://x.com/NetMindAI/status/1877299276193358240 | https://x.com/savefilmer/status/2057778793176326404 | https://x.com/airina_xyz/status/1901252609370902996,hard_reject_non_english:7
Harvey,harvey,@harvey__ai,20,13,7,100,https://x.com/j0hnwang/status/1953158416274444347 | https://x.com/katieburkie/status/1952381057778737198 | https://x.com/lancedb/status/1950611809289039996,hard_reject_crypto_noise:7
Hebbia,hebbia,@HebbiaAI,20,20,0,100,https://x.com/gsivulka/status/1985735484530688495 | https://x.com/Rippling/status/1956027185090769209 | https://x.com/mgarimella/status/1979269076645220589,
Hedra,hedra,@hedra_labs,20,18,2,100,https://x.com/saniaspeaks_/status/2060714486684659888 | https://x.com/Lupin_Ai_Coder/status/2061714279532040241 | https://x.com/RAVIKUMARSAHU78/status/2060391257583784437,hard_reject_non_english:2
Helicone,helicone,@helicone_ai,20,18,2,100,https://x.com/jeff_weinstein/status/1973120000404644071 | https://x.com/mintlify/status/2028878173971390914 | https://x.com/Hiteshdotcom/status/2028889863966343596,hard_reject_crypto_noise:2
HeyGen,heygen,@HeyGen,20,10,2,100,https://x.com/SiriOnchainX/status/2060975172170174834 | https://x.com/CruzzCtrl1/status/2061403785038119006 | https://x.com/OurTemples/status/2061857845688336667,hard_reject_non_english:1; hard_reject_crypto_noise:1; hard_reject_bluechip_crypto_noise:1
Higgsfield,higgsfield,@higgsfield_ai,19,14,5,100,https://x.com/Mechanismo0/status/2064233949107302610 | https://x.com/AIwithkhan/status/2064322295221682302 | https://x.com/PZDesignAI/status/2063946642571800843,hard_reject_crypto_noise:2; hard_reject_non_english:3
Hour One,hour-one,@HourOneAI,20,19,1,100,https://x.com/reidhoffman/status/1747798446638354780 | https://x.com/riyazmd774/status/1770686555604021352 | https://x.com/googlecloud/status/1793423249017344267,hard_reject_non_english:1
HubSpot,hubspot,@HubSpot,19,10,2,100,https://x.com/imsalariasahil/status/2062120164817338494 | https://x.com/dharmesh/status/2059821376504996215 | https://x.com/Techweek_/status/2059795264823791959,hard_reject_crypto_noise:1; hard_reject_non_english:1
Hugging Face,hugging-face,@huggingface,20,18,2,100,https://x.com/sarahookr/status/2062887988397572145 | https://x.com/multimodalart/status/2062938381785403586 | https://x.com/cohere/status/2062920605507174653,hard_reject_non_english:1; hard_reject_crypto_noise:1
Hume AI,hume-ai,@hume_ai,20,18,2,100,https://x.com/AlanCowen/status/2015176634219876576 | https://x.com/Prince_Canuma/status/2038674930514985363 | https://x.com/zachkrall/status/2037650327214739719,hard_reject_crypto_noise:2
IBM watsonx,ibm-watsonx,@IBMwatsonx,20,13,7,100,https://x.com/IBM/status/1985702188627161475 | https://x.com/IBMNews/status/1986076114238984674 | https://x.com/HaroldSinnott/status/2050712120497430889,hard_reject_crypto_noise:6; hard_reject_non_english:1
Ideogram,ideogram,@ideogram_ai,20,10,5,100,https://x.com/VORTEX_Promos/status/2062276884738490397 | https://x.com/ostrisai/status/2062553810263003319 | https://x.com/MTSlive/status/2062600934786740455,hard_reject_non_english:4; hard_reject_crypto_noise:1
Instantly,instantly,@InstantlyAI,20,10,2,100,https://x.com/aaliya_va/status/2044003553652461909 | https://x.com/jammyvfx/status/2055732997555372270 | https://x.com/bym1xa/status/2054201757283029250,hard_reject_crypto_noise:2
Integuru,integuru,@InteguruAI,17,17,0,100,https://x.com/richardfzhang/status/2059277782048502093 | https://x.com/amapel/status/1865048005604151461 | https://x.com/richardfzhang/status/1870214712937590868,
Intercom Fin,intercom-fin,@intercom,20,17,3,100,https://x.com/CharlieEriksen/status/2049879810034262096 | https://x.com/evilmartians/status/2050240373637677087 | https://x.com/fin_ai/status/2055112576757887427,hard_reject_non_english:2; hard_reject_crypto_noise:1
Inworld,inworld,@inworld_ai,20,19,1,100,https://x.com/CloudflareDev/status/2051717991423725991 | https://x.com/livekit/status/2052417429976895695 | https://x.com/replicate/status/2051700812829893013,hard_reject_crypto_noise:1
Jasper,jasper,@heyjasperai,20,10,2,100,https://x.com/stacy_muur/status/2027122001706704918 | https://x.com/stacy_muur/status/2061788423674109981 | https://x.com/julien_c/status/2059994944861852053,hard_reject_crypto_noise:2
Jina AI,jina-ai,@JinaAI_,20,19,1,100,https://x.com/elastic_devs/status/2032124459113418987 | https://x.com/alvarobartt/status/2024499516418801914 | https://x.com/tomaarsen/status/2024497716701622621,hard_reject_non_english:1
Kaedim,kaedim,@Kaedim3D,20,16,4,100,https://x.com/UplandMe/status/1769861143416480237 | https://x.com/JackSoslow/status/1767568120682881488 | https://x.com/xonebros/status/1777692779918901356,hard_reject_crypto_noise:4
Kagi Assistant,kagi-assistant,@KagiHQ,20,18,2,100,https://x.com/_imsigh/status/2056938408048787826 | https://x.com/AlternativeTo/status/2058587376809869699 | https://x.com/MetrosCorner/status/2057129384750792909,hard_reject_non_english:2
Kalshi,kalshi,@Kalshi,20,17,3,100,https://x.com/TheGrandeTop10/status/2062568606710308955 | https://x.com/lzminsky/status/2062580331065086366 | https://x.com/BrentScher/status/2062589321207574903,hard_reject_non_english:1; hard_reject_crypto_noise:2
Kling,kling,@Kling_ai,20,10,10,100,https://x.com/Strength04_X/status/2062353256538587172 | https://x.com/JayKay65220066/status/2062519739440656731 | https://x.com/JayKay65220066/status/2062474453695570265,hard_reject_non_english:10
Knock Agent for Slack,knock-agent-for-slack,@knocklabs,20,20,0,100,https://x.com/whatyouhide/status/2034265685845524698 | https://x.com/stephenmruiz/status/2064002667274178598 | https://x.com/cjbell_/status/2028580574336553024,
Krea,krea,@krea_ai,20,12,8,100,https://x.com/stacy_muur/status/2061788423674109981 | https://x.com/alievimrakh/status/2061927746763170023 | https://x.com/bobbymind/status/2061877235037163734,hard_reject_non_english:6; hard_reject_crypto_noise:2
LangChain,langchain,@LangChainAI,20,20,0,100,https://x.com/itsafiz/status/2006214122594021510 | https://x.com/ChaiWithJai/status/2002535481699885294 | https://x.com/TDataScience/status/2003590693420191745,
Langflow,langflow,@langflow_ai,20,20,0,100,https://x.com/GroqInc/status/2000653224915980367 | https://x.com/itsafiz/status/1975984201699819877 | https://x.com/python_spaces/status/2003036858545270940,
Langfuse,langfuse,@langfuse,20,20,0,100,https://x.com/marcklingen/status/2049135206565843392 | https://x.com/AndyLackie/status/2053504315705204895 | https://x.com/itsclelia/status/2055192744377872483,
Layer AI,layer-ai,@Layer_AI,20,19,1,100,https://x.com/gizakdag/status/1853469244811248092 | https://x.com/Genzio/status/1883723224577351685 | https://x.com/coin_artist/status/1811076483189985751,hard_reject_crypto_noise:1
Lindy,lindy,@getlindy,20,10,5,100,https://x.com/anujcodes_21/status/2021392103298007212 | https://x.com/chrisbarber/status/2023795071402078387 | https://x.com/thisiskp_/status/2021947558550012016,hard_reject_crypto_noise:5
Linear,linear,@linear,20,10,0,100,https://x.com/karrisaarinen/status/2061506694124060673 | https://x.com/karrisaarinen/status/2060624120778563682 | https://x.com/karrisaarinen/status/2062580986232373652,
LlamaIndex,llamaindex,@llama_index,20,19,1,100,https://x.com/jerryjliu0/status/2057468117618479588 | https://x.com/googleaidevs/status/2060439904929382700 | https://x.com/nehaaaa_6/status/2062086326850392308,hard_reject_crypto_noise:1
LlamaParse,llamaparse,@llama_index,20,19,1,100,https://x.com/googleaidevs/status/2060439904929382700 | https://x.com/nehaaaa_6/status/2062086326850392308 | https://x.com/ConorBronsdon/status/2062602112853536836,hard_reject_crypto_noise:1
LM Studio,lm-studio,@lmstudio,20,14,6,100,https://x.com/LocallyAIApp/status/2062584196619468906 | https://x.com/adrgrondin/status/2062586310041505886 | https://x.com/Letta_AI/status/2057908120102609062,hard_reject_crypto_noise:2; hard_reject_non_english:4
Lovable,lovable,@Lovable,20,10,2,100,https://x.com/claudeai/status/2062558332695556378 | https://x.com/wilson_spearman/status/2061869337133400497 | https://x.com/felixhhaas/status/2062524684143321341,hard_reject_crypto_noise:2
Ludo AI,ludo-ai,@ludo_ai,20,19,1,100,https://x.com/LumeberryMedia/status/1679784434248085505 | https://x.com/LumeberryMedia/status/1669631477489836034 | https://x.com/LumeberryMedia/status/1667054585003876353,hard_reject_non_english:1
Luma,luma,@LumaLabsAI,20,17,3,100,https://x.com/baaadas/status/2060891548401946762 | https://x.com/stacy_muur/status/2061788423674109981 | https://x.com/Designarena/status/2059328621773549811,hard_reject_non_english:1; hard_reject_crypto_noise:2
Magnific,magnific,@Magnific_AI,20,16,4,100,https://x.com/dvorahfr/status/2061029670519513456 | https://x.com/AllaAisling/status/2052809254294241354 | https://x.com/VORTEX_Promos/status/2051265293729562909,hard_reject_non_english:4
Make,make,@make_hq,20,10,2,100,https://x.com/veedstudio/status/2052380394276655235 | https://x.com/Call_Me_Commy/status/2051238173867417976 | https://x.com/sab8a/status/2052462585166061926,hard_reject_non_english:2
Manus,manus,@manusai,20,10,5,100,https://x.com/Sonofpeace0001/status/2060283310568243594 | https://x.com/freeCodeCamp/status/2060391452568334359 | https://x.com/freeCodeCamp/status/2061538540358369689,hard_reject_non_english:4; hard_reject_crypto_noise:1
Masterpiece Studio,masterpiece-studio,@MasterpieceVR,20,19,1,100,https://x.com/_LucasRizzotto/status/1377246269337387010 | https://x.com/RtoVR/status/1465713221654958086 | https://x.com/IBCShow/status/1290610556169326593,hard_reject_non_english:1
Mem0,mem0,@mem0ai,20,18,2,100,https://x.com/MiniMax_AI/status/2062288699879252171 | https://x.com/dianeemccormack/status/2064157310151528954 | https://x.com/AnnieLiao_2000/status/2063769806231474602,hard_reject_non_english:2
Meshy,meshy,@MeshyAI,20,13,7,100,https://x.com/niftyisland/status/2060856070957093260 | https://x.com/Weeping_death/status/2057374577106596226 | https://x.com/Weeping_death/status/2059755050243875255,hard_reject_crypto_noise:2; hard_reject_non_english:5
Messari,messari,@MessariCrypto,20,15,5,100,https://x.com/octra/status/2061863369674506386 | https://x.com/LucasMacchia2/status/2061488754892714128 | https://x.com/wardenprotocol/status/2062513361779048680,hard_reject_crypto_noise:4; hard_reject_non_english:2
Meta AI,meta-ai,@AIatMeta,20,19,1,100,https://x.com/skalskip92/status/2062194945902223557 | https://x.com/idyll/status/2062663991756005423 | https://x.com/babydodo999/status/2062630233077915657,hard_reject_non_english:1
Microsoft Copilot,microsoft-copilot,@MSFTCopilot,20,14,6,100,https://x.com/rvrsh3ll/status/1899168146025500791 | https://x.com/Xymbiz/status/1898280721342410966 | https://x.com/iashwinikumaar/status/1898614253592117744,hard_reject_non_english:6
Midjourney,midjourney,@midjourney,20,10,0,100,https://x.com/TimeTravelWalls/status/2062398943661904268 | https://x.com/TimeTravelWalls/status/2062096955510297003 | https://x.com/TimeTravelWalls/status/2062217752669008269,
MindsDB,mindsdb,@MindsDB,17,11,6,100,https://x.com/pydantic/status/2027323999110168650 | https://x.com/samuelcolvin/status/2027333012069736876 | https://x.com/Aiswarya_Sankar/status/2052841265553924106,hard_reject_crypto_noise:6
Mistral AI,mistral-ai,@MistralAI,20,15,5,100,https://x.com/NVIDIAAI/status/2062961026409333232 | https://x.com/arena/status/2062965189453259017 | https://x.com/IvanLandabaso/status/2061870026559250631,hard_reject_crypto_noise:1; hard_reject_non_english:4
Modal,modal,@modal_labs,20,18,2,100,https://x.com/bernhardsson/status/1956073789550420330 | https://x.com/devindesktop/status/1953556759534350738 | https://x.com/charles_irl/status/1952865447747211495,hard_reject_crypto_noise:1; hard_reject_non_english:1
Motion,motion,@UseMotion,20,14,6,100,https://x.com/peer_rich/status/1965115028677558755 | https://x.com/pavelhegler/status/1966810330471751709 | https://x.com/Shaughnessy119/status/1983327846643994985,hard_reject_crypto_noise:6
n8n,n8n,@n8n_io,20,10,4,100,https://x.com/asenkut/status/2059666272795730353 | https://x.com/KingDEmark/status/2059387894461051007 | https://x.com/daytonaio/status/2060033443015049605,hard_reject_non_english:3; hard_reject_crypto_noise:1
NotebookLM,notebooklm,@NotebookLM,20,10,4,100,https://x.com/Google/status/2061448962863722808 | https://x.com/Bha74142Shivani/status/2060303607912861880 | https://x.com/NewsFromGoogle/status/2061448630687469856,hard_reject_bluechip_crypto_noise:3; hard_reject_non_english:2; hard_reject_crypto_noise:1
Notion AI,notion-ai,@NotionHQ,20,10,6,100,https://x.com/kurissuuu/status/2062293025091735927 | https://x.com/N_Sportelli/status/2062173944086417780 | https://x.com/joulee/status/2062228537030168683,hard_reject_non_english:6
Octolane,octolane,@octolane,20,20,0,100,https://x.com/coffeewithone/status/2060063653148381336 | https://x.com/yashsehgaldev/status/2059707103133208758,
Ollama,ollama,@ollama,20,13,7,100,https://x.com/LyalinDotCom/status/2062274833379938433 | https://x.com/KeridwenCodet/status/2062061813731074166 | https://x.com/luksamuk/status/2062560846392250878,hard_reject_crypto_noise:2; hard_reject_non_english:5
Open WebUI,open-webui,@OpenWebUI,20,19,1,100,https://x.com/openclaw/status/2036857428273487903 | https://x.com/steipete/status/2036824286988816737 | https://x.com/Teknium/status/2040998328461316524,hard_reject_crypto_noise:1
OpenAI Codex,openai-codex,@OpenAIDevs,20,17,3,100,https://x.com/jturntdev/status/2062846760830005725 | https://x.com/adityavg13/status/2062969651777118495 | https://x.com/IamAdiG/status/2062736605581128125,hard_reject_non_english:3
OpenAI Platform,openai-platform,@OpenAIDevs,20,17,3,100,https://x.com/jturntdev/status/2062846760830005725 | https://x.com/adityavg13/status/2062969651777118495 | https://x.com/IamAdiG/status/2062736605581128125,hard_reject_non_english:3
OpenArt,openart,@openart_ai,20,19,1,100,https://x.com/samaidirector/status/2062309224906887174 | https://x.com/saniaspeaks_/status/2061643870736359616 | https://x.com/kingofdairyque/status/2061752797851201842,hard_reject_non_english:1
OpenHands,openhands,@OpenHandsDev,20,18,2,100,https://x.com/Teknium/status/2059038964552745378 | https://x.com/MiniMax_AI/status/2060071852970844377 | https://x.com/SentientAGI/status/2045449098082623504,hard_reject_non_english:1; hard_reject_crypto_noise:1
OpenRouter,openrouter,@OpenRouterAI,20,16,4,100,https://x.com/MiniMax_AI/status/2023539454460461162 | https://x.com/nummanali/status/2022830728753324110 | https://x.com/Alibaba_Qwen/status/2023602047837409311,hard_reject_non_english:2; hard_reject_crypto_noise:2
Openstatus Health,openstatus-health,@openstatusHQ,20,18,2,100,https://x.com/aliszu/status/1979610062529187894 | https://x.com/piotrkulpinski/status/2021551896377667598 | https://x.com/jordienr/status/2008157642099716553,hard_reject_non_english:2
Option Alpha,option-alpha,@OptionAlpha,20,16,4,100,https://x.com/HermesLux/status/1921005587871264984 | https://x.com/HermesLux/status/1971250673061630433 | https://x.com/HermesLux/status/1915876547786953152,hard_reject_non_english:3; hard_reject_crypto_noise:1
Otter.ai,otter-ai,@otter_ai,20,15,5,100,https://x.com/0xSuman/status/2031920845510312323 | https://x.com/virgin_hunter69/status/2054520937530470600 | https://x.com/theinformation/status/2026029011990659300,hard_reject_crypto_noise:4; hard_reject_non_english:1
Paste App,paste-app,@paste_app,20,16,4,100,https://x.com/dharmeshba/status/1737812251133014385 | https://x.com/Christophepas/status/1770483364937580896 | https://x.com/MSiatrak/status/1754898394105962562,hard_reject_non_english:4
Perplexity,perplexity,@perplexity_ai,20,10,1,100,https://x.com/aaliya_va/status/2062428520081682510 | https://x.com/canva/status/2062351275379855695 | https://x.com/aaliya_va/status/2062511394751119806,hard_reject_crypto_noise:1; hard_reject_bluechip_crypto_noise:1
Phind,phind,@phindsearch,20,18,2,100,https://x.com/jedwhite/status/1840831169585430901 | https://x.com/ivanfioravanti/status/1828890101885350027 | https://x.com/julianharris/status/1870056750096757181,hard_reject_crypto_noise:2
Photoroom,photoroom,@photoroom_app,20,19,1,100,https://x.com/RisingSayak/status/1990372855851495927 | https://x.com/cdethiersant/status/1986366311908192321 | https://x.com/multimodalart/status/1989369453893816566,hard_reject_crypto_noise:1
Pika,pika,@pika_labs,20,10,5,100,https://x.com/stacy_muur/status/2061788423674109981 | https://x.com/Scobleizer/status/2058248754504106479 | https://x.com/yulikay/status/2060061782757315038,hard_reject_non_english:2; hard_reject_crypto_noise:2; hard_reject_bluechip_crypto_noise:4
Pinecone,pinecone,@pinecone,20,19,1,100,https://x.com/TheTuringPost/status/2055807882650903000 | https://x.com/CamRobinsonnn/status/2041501162587787582 | https://x.com/LangChain/status/2051418383535517801,hard_reject_crypto_noise:1
Pipedream,pipedream,@PipedreamHQ,20,20,0,100,https://x.com/storyblok/status/1215290251884843008 | https://x.com/pipedream/status/1625171108986249217 | https://x.com/pipedream/status/1207366256707301377,
PixieBrix,pixiebrix,@pixiebrix,20,10,1,100,https://x.com/MakadiaHarsh/status/1671191278812377095 | https://x.com/charmaine_klee/status/1953474085746274775 | https://x.com/Ratanchahar_/status/1656002149955022849,hard_reject_non_english:1
PixVerse,pixverse,@PixVerse_,20,13,7,100,https://x.com/AllaAisling/status/2062364771999981880 | https://x.com/FutureVibesAi/status/2062406967147340165 | https://x.com/altfortomorrow/status/2062550286733070396,hard_reject_non_english:7; hard_reject_crypto_noise:1
Playground AI,playground-ai,@playground_ai,20,11,9,100,https://x.com/Suhail/status/1883952266241269789 | https://x.com/Suhail/status/1879212762616008893 | https://x.com/tldraw/status/2048803105811157322,hard_reject_non_english:8; hard_reject_crypto_noise:2
Poe,poe,@poe_platform,20,16,4,100,https://x.com/ysiu/status/2038221426164220005 | https://x.com/HLS_dev/status/2051024303949484049 | https://x.com/LukeBligth1706/status/1993675482806866405,hard_reject_non_english:2; hard_reject_crypto_noise:2
Polycam,polycam,@Polycam3D,20,19,1,100,https://x.com/OlstFlow/status/1991780168181199115 | https://x.com/aymericrabot/status/1981389055959916781 | https://x.com/GabRoXR/status/2025936522478862352,hard_reject_non_english:1
Polymarket,polymarket,@Polymarket,20,11,9,100,https://x.com/Scott_eth/status/2062586648726999357 | https://x.com/Predicti0r/status/2062588752544117119 | https://x.com/kiruwaaaaaa/status/2062590076308050055,hard_reject_crypto_noise:7; hard_reject_non_english:2
Predibase,predibase,@predibase,20,20,0,100,https://x.com/TysonLester/status/1938051105944178990 | https://x.com/rubrikInc/status/1937836544871518677 | https://x.com/TheTuringPost/status/1928964034663166004,
Qodo,qodo,@QodoAI,20,19,1,100,https://x.com/nnennahacks/status/2052127800069357754 | https://x.com/omarsar0/status/2057101547440652292 | https://x.com/nnennahacks/status/2042256525540884709,hard_reject_crypto_noise:1
QuantConnect,quantconnect,@QuantConnect,20,18,2,100,https://x.com/dYdX/status/2013622135378624788 | https://x.com/DatabentoHQ/status/2045125315375063108 | https://x.com/echanQT/status/1895087994001825817,hard_reject_non_english:1; hard_reject_crypto_noise:1
QuillBot,quillbot,@thequillbot,20,10,4,100,https://x.com/LearnWithBishal/status/1965027981438664906 | https://x.com/Amritanjali16/status/1965285409216495982 | https://x.com/Crypto_bn/status/1913855148981723482,hard_reject_crypto_noise:2; hard_reject_non_english:2
Ready Player Me,ready-player-me,@readyplayerme,20,18,2,100,https://x.com/CryptoRank_VCs/status/2002678039537438746 | https://x.com/xspectDS/status/2003228950772715772 | https://x.com/OliverMaroney/status/2002477869055029486,hard_reject_non_english:1; hard_reject_crypto_noise:1
Reclaim AI,reclaim-ai,@reclaimai,20,16,4,100,https://x.com/AsafNadler/status/1951712098548936763 | https://x.com/adith_wp/status/1980963219893272839 | https://x.com/noahkagan/status/1994416291390570613,hard_reject_non_english:1; hard_reject_crypto_noise:3
Recraft,recraft,@recraftai,20,17,3,100,https://x.com/nebiusai/status/2061827032414072989 | https://x.com/stacy_muur/status/2061788423674109981 | https://x.com/romanchernin/status/2060340104388890762,hard_reject_non_english:3
Relevance AI,relevance-ai,@RelevanceAI_,20,19,1,100,https://x.com/v0/status/2011202184508280848 | https://x.com/AnnieLiao_2000/status/2016911128010666087 | https://x.com/jamesfromsydney/status/2015601251258613795,hard_reject_crypto_noise:1
remove.bg,remove-bg,@remove_bg,20,10,1,100,https://x.com/I_Muhammadali44/status/1983414447164272765 | https://x.com/EvanKirstel/status/1903480785698504886 | https://x.com/aaroniker/status/1768348479208767491,hard_reject_non_english:1
Replicate,replicate,@replicate,20,18,2,100,https://x.com/levelsio/status/2053820738805649731 | https://x.com/lucatac0/status/2051371079122264379 | https://x.com/jamesqquick/status/2062137321554604257,hard_reject_crypto_noise:2
Replit,replit,@replit,20,10,4,100,https://x.com/harleyf/status/2062590057794691268 | https://x.com/Shopify/status/2062583234139942974 | https://x.com/TimHaldorsson/status/2062592423482581395,hard_reject_non_english:2; hard_reject_crypto_noise:2
Retell AI,retell-ai,@retellai,20,19,1,100,https://x.com/lanceyyan/status/2027003817569755475 | https://x.com/brexHQ/status/2006045007287898148 | https://x.com/tarush_agarwal_/status/2041205262619705768,hard_reject_crypto_noise:1
Rocket,rocket,@rocketdotnew,20,10,2,100,https://x.com/Scobleizer/status/2050216838454501765 | https://x.com/sripathiteja4/status/2041572403789344851 | https://x.com/Freyabuilds/status/2047342400704860217,hard_reject_crypto_noise:2
Rodeo by TwelveLabs,rodeo-by-twelvelabs,@twelve_labs,20,20,0,100,https://x.com/lillian_ma_/status/2063727543732130247 | https://x.com/nicoleegong/status/2062367743710511118 | https://x.com/gmi_cloud/status/2057584078413861245,
Rosebud AI,rosebud-ai,@rosebud_ai,20,16,4,100,https://x.com/DAIEvolutionHub/status/2029181654322037234 | https://x.com/YGG_Play/status/2051952039752806439 | https://x.com/lishali88/status/2026798836149260583,hard_reject_non_english:3; hard_reject_crypto_noise:1
Rows,rows,@rowshq,20,18,2,100,https://x.com/torbschulz/status/2025924354807066829 | https://x.com/f/status/2025943571967119694 | https://x.com/HenrM_Cruz/status/1945838864574124186,hard_reject_non_english:1; hard_reject_crypto_noise:1
Runway,runway,@runwayml,20,10,0,100,https://x.com/stacy_muur/status/2061788423674109981 | https://x.com/Damn_coder/status/2062387103053558186 | https://x.com/cfryant/status/2062548408972333449,
Scenario,scenario,@scenario_gg,20,18,2,100,https://x.com/rnschiehll/status/2049491193789071650 | https://x.com/emmanuel_2m/status/2055057268626829520 | https://x.com/emmanuel_2m/status/2046124566540349482,hard_reject_crypto_noise:2
Scite,scite,@scite,20,17,3,100,https://x.com/Faheem_uh/status/1950132803909128256 | https://x.com/Faheem_uh/status/1927446977362403386 | https://x.com/malikules/status/1981096290021941729,hard_reject_non_english:3
Screen Studio,screen-studio,@screenstudio,20,18,2,100,https://x.com/pie6k/status/2050517280988029281 | https://x.com/metasal/status/2053663209488544141 | https://x.com/ritviii/status/2060086737964003349,hard_reject_non_english:1; hard_reject_crypto_noise:1
Sesame,sesame,@sesame,20,17,3,100,https://x.com/Stammy/status/2059700609360834779 | https://x.com/RileyRalmuto/status/2035548191714652627 | https://x.com/AnjneyMidha/status/2048929342735147229,hard_reject_non_english:3
Sierra,sierra,@SierraPlatform,20,17,3,100,https://x.com/parker__conrad/status/2052530101552877730 | https://x.com/benblumenrose/status/2052043256154964415 | https://x.com/sherwinwu/status/2054615192638738915,hard_reject_crypto_noise:3
Slack,slack,@slackhq,20,10,4,100,https://x.com/brlands/status/2061433163641954657 | https://x.com/jasonlk/status/2060878172632105002 | https://x.com/becca_nfts/status/2060438418635550818,hard_reject_crypto_noise:3; hard_reject_non_english:1
Smallest AI,smallest-ai,@smallest_ai,20,20,0,100,https://x.com/jackedAJ/status/2059876069277090035 | https://x.com/Muskanjain0401/status/2058431802541510747 | https://x.com/_akashnagaraj/status/2060374101592801619,
Sourcegraph,sourcegraph,@sourcegraph,20,20,0,100,https://x.com/swyx/status/2031738916550897743 | https://x.com/DanielNealAdler/status/2035616639912452505 | https://x.com/DanielNealAdler/status/2057943749502902629,
Sourcegraph Cody,sourcegraph-cody,@sourcegraph,20,20,0,100,https://x.com/swyx/status/2031738916550897743 | https://x.com/DanielNealAdler/status/2035616639912452505 | https://x.com/snyksec/status/2038320709177352382,
Spline,spline,@splinetool,20,19,1,100,https://x.com/SebCornelius/status/2061070515695915105 | https://x.com/SebCornelius/status/2059589909829328916 | https://x.com/DmitryLepisov/status/2059271116376477813,hard_reject_non_english:1
Stable Diffusion,stable-diffusion,@StabilityAI,20,16,4,100,https://x.com/LLuciano_BTC/status/2056392237177856489 | https://x.com/multimodalart/status/2057154251558682798 | https://x.com/rendernetwork/status/2060158200146489521,hard_reject_non_english:3; hard_reject_crypto_noise:1
Stagehand,stagehand,@Stagehanddev,20,19,1,100,https://x.com/baz_scm/status/2011856100522361016 | https://x.com/jamiesmotion/status/2011547134785720747 | https://x.com/kylejeong/status/2021682279001829423,hard_reject_crypto_noise:1
Step 3.7 Flash,step-3-7-flash,@StepFun_ai,19,18,1,100,https://x.com/FireworksAI_HQ/status/2062382990685360398 | https://x.com/vllm_project/status/2060741408198394188 | https://x.com/godofprompt/status/2063912600472285296,hard_reject_non_english:1
Subquadratic,subquadratic,@subquadratic,20,10,4,100,https://x.com/daniel_mac8/status/2055242277451129012 | https://x.com/GregKamradt/status/2054944935984685463 | https://x.com/AppenResearch/status/2054250325599510750,hard_reject_non_english:2; hard_reject_crypto_noise:2
Suno,suno,@suno,20,10,4,100,https://x.com/ingi_erlingsson/status/2062568030010265822 | https://x.com/mvanhorn/status/2062549714814525636 | https://x.com/swang_co/status/2062608050372988948,hard_reject_crypto_noise:3; hard_reject_non_english:1
Superhuman AI,superhuman-ai,@Superhuman,20,17,3,100,https://x.com/QuinnyPig/status/2059451525953675747 | https://x.com/nikstep/status/2059142950014034356 | https://x.com/databricks/status/2057108923966996710,hard_reject_crypto_noise:2; hard_reject_non_english:1
Synthesia,synthesia,@synthesiaio,20,10,3,100,https://x.com/SebJohnsonUK/status/2050844373311492205 | https://x.com/etnshow/status/2047254448305582273 | https://x.com/etnshow/status/2052326856305639894,hard_reject_crypto_noise:3; hard_reject_bluechip_crypto_noise:3
Tabnine,tabnine,@tabnine,20,18,2,100,https://x.com/Hartdrawss/status/2029414227744596085 | https://x.com/amuldotexe/status/1904381411672617251 | https://x.com/iPhelipeVR/status/1924265206194041261,hard_reject_non_english:2
Tavily,tavily,@tavilyai,20,18,2,100,https://x.com/romanchernin/status/2061358084925039097 | https://x.com/1littlecoder/status/2063994256617021495 | https://x.com/CoinbaseDev/status/2060074529712742767,hard_reject_non_english:1; hard_reject_crypto_noise:1
Tavus,tavus,@heytavus,20,19,1,100,https://x.com/sdianahu/status/1972787153106358781 | https://x.com/kwindla/status/1962722519523434762 | https://x.com/cartesia/status/1969060094823502003,hard_reject_crypto_noise:1
Temporal,temporal,@temporalio,20,18,2,100,https://x.com/mastra/status/2054275575188242738 | https://x.com/inazarova/status/2057629048688525515 | https://x.com/jonathangrahl/status/2052545713351856179,hard_reject_non_english:2
Together AI,together-ai,@togethercompute,20,16,4,100,https://x.com/MiniMax_AI/status/2061913941702533241 | https://x.com/nutlope/status/2062570629128196136 | https://x.com/vipulved/status/2061296326764282186,hard_reject_non_english:4; hard_reject_crypto_noise:3
Tome,tome,@magicaltome,20,20,0,100,https://x.com/hliriani/status/1829284172470620613 | https://x.com/jayneil/status/1888951138529230855 | https://x.com/keithpeiris/status/1816182878218379441,
TradingView,tradingview,@tradingview,20,11,9,100,https://x.com/TraderDemircan/status/2062546911270248749 | https://x.com/TraderDemircan/status/2062545745819955455 | https://x.com/TraderDemircan/status/2062554069957304411,hard_reject_non_english:9
Trigger.dev,trigger-dev,@triggerdotdev,20,20,0,100,https://x.com/bzagrodzki/status/2038295882064654815 | https://x.com/koomen/status/2053187761029668930 | https://x.com/ScalingDevTools/status/2042646220653371493,
Tripo,tripo,@TripoAI,20,15,5,100,https://x.com/ComfyUI/status/2061509306743398668 | https://x.com/levelsio/status/2059670995259015647 | https://x.com/RadianceFields/status/2061515964127039683,hard_reject_non_english:4; hard_reject_crypto_noise:1
Typefully,typefully,@typefully,20,10,4,100,https://x.com/marclou/status/2059978754269847986 | https://x.com/degensing/status/2060699170369908810 | https://x.com/Eli5defi/status/2044490713644339575,hard_reject_non_english:3; hard_reject_crypto_noise:1
Udio,udio,@udiomusic,19,10,3,100,https://x.com/LEGIO_X_/status/2029589785065463843 | https://x.com/r3plic4nt206/status/2060733864964931975 | https://x.com/Deto_RDC/status/2035159014229594283,hard_reject_non_english:3
Unstructured,unstructured,@UnstructuredIO,20,16,4,100,https://x.com/cerebras/status/2026761867813859388 | https://x.com/PlanoGaming/status/2056652202077454650 | https://x.com/BainCapVC/status/2036827358360228184,hard_reject_crypto_noise:4; hard_reject_non_english:1
v0,v0,@v0,20,10,2,100,https://x.com/rauchg/status/2062199585322529108 | https://x.com/aryamankhawow/status/2061822543674163332 | https://x.com/YoheiNishitsuji/status/2060447297323049227,hard_reject_non_english:1; hard_reject_crypto_noise:1
Veed,veed,@veedstudio,20,18,2,100,https://x.com/C3Know/status/2058268346429190235 | https://x.com/timikareem/status/2061463520340766869 | https://x.com/MonetizationDon/status/2061864438781600081,hard_reject_non_english:2
Vercel,vercel,@vercel,20,10,1,100,https://x.com/rauchg/status/2062535454130676193 | https://x.com/rauchg/status/2062332963636060313 | https://x.com/TracyMassaro_/status/2062258736509358455,hard_reject_crypto_noise:1; hard_reject_bluechip_crypto_noise:1
Veriff,veriff,@Veriff,20,10,2,100,https://x.com/MassPay_io/status/2020850873262395736 | https://x.com/ycombinator/status/1998489881048502659 | https://x.com/XChangeon/status/1971608901989929045,hard_reject_crypto_noise:2
Vertex AI,vertex-ai,@GoogleCloud,20,17,3,100,https://x.com/MLB/status/2062256853581500924 | https://x.com/MLBStats/status/2062225756483137974 | https://x.com/McLarenF1/status/2062904903618507149,hard_reject_crypto_noise:3
Vidu,vidu,@ViduAI_official,20,15,5,100,https://x.com/YaZoraiz/status/2061812746761453901 | https://x.com/VesperB_VT/status/2062253294810988822 | https://x.com/Bic_Revelation/status/2062399168900153441,hard_reject_non_english:5
Voiceflow,voiceflow,@VoiceflowHQ,20,20,0,100,https://x.com/uxuimartin/status/2007021932341010897 | https://x.com/ReamBraden/status/1983897158526083408 | https://x.com/FikeDove/status/1963597622666826149,
Weaviate,weaviate,@weaviate_io,20,19,1,100,https://x.com/patloeber/status/2031708842547954094 | https://x.com/victorialslocum/status/2032141700412686592 | https://x.com/CShorten30/status/2056374396005064718,hard_reject_crypto_noise:1
Webflow AI,webflow-ai,@webflow,20,19,1,100,https://x.com/LayoffAI/status/2060115509543330059 | https://x.com/RalconStudio/status/2061394828261208537 | https://x.com/MaybeFlorent/status/2062183377067790410,hard_reject_non_english:1
Weights & Biases,weights-biases,@wandb,20,20,0,100,https://x.com/_fracapuano/status/2063597767952388355 | https://x.com/CoreWeave/status/2062190821747945928 | https://x.com/sofiiiiiasz/status/2063800833180070289,
Willow Scribe,willow-scribe,@WillowVoiceAI,20,18,2,100,https://x.com/DamexyThe/status/2059328195560681631 | https://x.com/erikalee/status/2064415786048143801 | https://x.com/Sujay__Raj/status/2060023418276503650,hard_reject_crypto_noise:2
Windsurf,windsurf,@windsurf,20,10,5,100,https://x.com/rasta_syntaX/status/2059218374966628838 | https://x.com/trynullsec/status/2060441669057581190 | https://x.com/sandeepDshah/status/2061963866859323611,hard_reject_crypto_noise:4; hard_reject_non_english:1
Wingbits AI,wingbits-ai,@Wingbits,20,20,0,100,https://x.com/solana/status/2060366333502472265 | https://x.com/airlivenet/status/2061085038570053649 | https://x.com/yenalmh/status/2060984767667941658,
Wordtune,wordtune,@wordtune,20,17,3,100,https://x.com/threadingfinese/status/2008772285331898842 | https://x.com/TheWorldIA/status/1722320289676017707 | https://x.com/DropYourAI/status/1719800946295713810,hard_reject_non_english:2; hard_reject_crypto_noise:1
Wordware,wordware,@wordware,20,13,7,100,https://x.com/ProductHunt/status/2011440652928868757 | https://x.com/adilmania/status/2022796667884388710 | https://x.com/dexhorthy/status/1997004114463691106,hard_reject_non_english:4; hard_reject_crypto_noise:3
Workato,workato,@Workato,20,19,1,100,https://x.com/grinich/status/2039450542552871103 | https://x.com/digitalocean/status/2049342962279100569 | https://x.com/digitalocean/status/2057130199787962437,hard_reject_non_english:1
World Labs,world-labs,@theworldlabs,20,19,1,100,https://x.com/drfeifei/status/2064387365930676695 | https://x.com/jamesckane/status/2059420122943541461 | https://x.com/morietschel/status/2063711773593854403,hard_reject_non_english:1
Writer,writer,@Get_Writer,20,19,1,100,https://x.com/daytonaio/status/2011099410357240125 | https://x.com/iamKierraD/status/2041735458334634422 | https://x.com/darian314/status/2031466317254144341,hard_reject_non_english:1
You.com,you-com,@YouSearchEngine,20,15,5,100,https://x.com/MervinPraison/status/1804036904125374504 | https://x.com/JulianGoldieSEO/status/1810556211001270472 | https://x.com/thealexbanks/status/1807746241456910606,hard_reject_crypto_noise:3; hard_reject_non_english:2
Zapier,zapier,@zapier,20,10,1,100,https://x.com/wadefoster/status/2062517977938010121 | https://x.com/imsalariasahil/status/2062120164817338494 | https://x.com/BoBrainerd/status/2062026840739316166,hard_reject_crypto_noise:1
Zed,zed,@zeddotdev,20,20,0,100,https://x.com/obiabo_immanuel/status/2062511127959892467 | https://x.com/martyitsarocket/status/2061172637154566161 | https://x.com/EffectTS_/status/2062985856558776422,
Zendesk AI,zendesk-ai,@zendesk,20,18,2,100,https://x.com/valkyries/status/2059370089150067018 | https://x.com/TracyMassaro_/status/2062344749990764731 | https://x.com/TheSixFiveMedia/status/2062625436434071588,hard_reject_crypto_noise:2
zero.xyz,zero-xyz,@zeroxyz,20,18,2,100,https://x.com/Michael_Ludden/status/2056396441564880955 | https://x.com/thestartpod/status/2059745222507024471 | https://x.com/realdanbaum/status/2059545398415409239,hard_reject_crypto_noise:2
AnythingLLM,anythingllm,@mintplexlabs,10,8,2,80,https://x.com/LangChain/status/1733892832904306793 | https://x.com/trending_repos/status/1833067257565708418 | https://x.com/lancedb/status/1907463049021174086,hard_reject_non_english:2
Connected Papers,connected-papers,@ConnectedPapers,8,8,0,80,https://x.com/Faheem_uh/status/1883440403338133798 | https://x.com/Faheem_uh/status/1950132803909128256 | https://x.com/Faheem_uh/status/2044891448483721676,
DefiLlama,defillama,@DefiLlama,20,8,12,80,https://x.com/wagmiAlexander/status/2062520420864078009 | https://x.com/angelo_onchain/status/2061887668955283606 | https://x.com/patfscott/status/2061972514545311769,hard_reject_crypto_noise:11; hard_reject_non_english:1
Nansen,nansen,@nansen_ai,20,8,12,80,https://x.com/MarcinPress/status/2062448616782901739 | https://x.com/Defi_Warhol/status/2061762249317102066 | https://x.com/evgen_by/status/2062183052063707454,hard_reject_crypto_noise:12; hard_reject_non_english:1
remio,remio,@remio_ai,20,8,12,80,https://x.com/Hailey4AI/status/2019640560647303547 | https://x.com/Dipanshu_AI/status/2011409589552730499 | https://x.com/thestartpod/status/2011610312756060213,hard_reject_non_english:12
DeepBrain AI,deepbrain-ai,@DeepBrainAI,7,7,0,70,https://x.com/Faheem_uh/status/1890468168935804960 | https://x.com/defiancemediatv/status/2059289886176199112 | https://x.com/LaVonneRoberts/status/1744057712399540351,
Stockimg AI,stockimg-ai,@stockimgAI,20,6,14,60,https://x.com/vince19visuals/status/1842915259553849766 | https://x.com/vince19visuals/status/1842647121637347584 | https://x.com/codedailyML/status/1853050649920872709,hard_reject_non_english:14
TrendSpider,trendspider,@TrendSpider,20,6,14,60,https://x.com/Liathetrader/status/2059642380630757500 | https://x.com/0xTwat/status/2060465330221207585 | https://x.com/zeiierman/status/2057511682281447909,hard_reject_crypto_noise:14; hard_reject_non_english:1
Fetcher,fetcher,@fetcherai,5,5,0,50,https://x.com/RecruitingBlogs/status/1638251137122856965 | https://x.com/ashasaxena101/status/1612593977345048576 | https://x.com/RecruitingDaily/status/1638590372585644054,
VoxDeck,voxdeck,@voxdeckai,5,5,0,50,https://x.com/Diptish09/status/1986667151152062807 | https://x.com/SarahAnnabels/status/1986086138617254179 | https://x.com/ThatsEFM/status/1989940158280708391,
Arkham,arkham,@ArkhamIntel,20,4,16,40,https://x.com/aigarxyz/status/2054139522242273561 | https://x.com/drugozz/status/2004957570084094434 | https://x.com/GlowTokenOrg/status/1994156274729021908,hard_reject_crypto_noise:14; hard_reject_non_english:3
Clay,clay,@ClayHQ,20,3,17,30,https://x.com/zmh/status/1933222698089427371 | https://x.com/paulgeller/status/2011138466449694913 | https://x.com/mattmedeiros/status/1945105345111580896,unrelated_tool_post:17; hard_reject_non_english:1
LangGraph,langgraph,@LangChainAI,20,3,17,30,https://x.com/itsafiz/status/2006214122594021510 | https://x.com/yadnesh_sa88965/status/2002444761215742090 | https://x.com/TDataScience/status/2004181839255138332,unrelated_tool_post:17
Parsewise API,parsewise-api,@parsewise,3,3,0,30,https://x.com/adriankuleszo/status/2038606032369532951 | https://x.com/ycombinator/status/1922789019093537145 | https://x.com/maximilianhofer/status/2031692456610128188,
Semantic Scholar,semantic-scholar,@SemanticScholar,3,3,0,30,https://x.com/Faheem_uh/status/2044891448483721676 | https://x.com/AkariAsai/status/2015130435810926638 | https://x.com/UmlandAndreas/status/2045871174572195896,
Typeahead,typeahead,@typeaheadAI,3,3,0,30,https://x.com/hnshah/status/2062195789817090108 | https://x.com/SamAsante/status/2061605259084984625 | https://x.com/SamAsante/status/2061605832769310757,
Blackbox AI,blackbox-ai,@blackbox_ai,2,2,0,20,https://x.com/AIwithArsalan/status/1928436049728229798 | https://x.com/tec_aryan/status/1928206677448478957,
Branda,branda,@brandacooks,2,2,0,20,https://x.com/davekova/status/2062587341512851602 | https://x.com/QuiverAI/status/2064370062128001142,
Exa,exa,@exa_ai,3,2,1,20,https://x.com/siliveru_v30261/status/1936734629802971589 | https://x.com/davidmeltzer/status/1932914135077171632,hard_reject_crypto_noise:1
Inbenta,inbenta,@inbenta,7,2,5,20,https://x.com/Omkar_Raii/status/1655871671532761089 | https://x.com/ThisWeekInVoice/status/1635411698063659008,hard_reject_non_english:1; hard_reject_crypto_noise:4
PlayAI,playai,@PlayAIOfficial,20,2,18,20,https://x.com/MichaelNuunes/status/1983628038224146603 | https://x.com/realmrfakename/status/1999649723771412728,hard_reject_crypto_noise:18
Santiment,santiment,@santimentfeed,20,2,18,20,https://x.com/LeonWaidmann/status/2062394921424740818 | https://x.com/Web3cryptoPump/status/2060968379217739846,hard_reject_crypto_noise:15; hard_reject_non_english:10
Tendem,tendem,@Tendem_AI,2,2,0,20,https://x.com/TolokaAI/status/2027038512973775072 | https://x.com/TolokaAI/status/2054909596632764879,
DodoForm,dodoform,@dofolabs,1,1,0,10,https://x.com/faizydroid/status/2058912073967616446,
LangSmith,langsmith,@LangChainAI,20,1,19,10,https://x.com/ChaiWithJai/status/2002895889690407382,unrelated_tool_post:19
Leonardo AI,leonardo-ai,@LeonardoAi_,20,1,19,10,https://x.com/zeng_wt/status/1978526655506198795,unrelated_tool_post:19; hard_reject_non_english:3
Research Rabbit,research-rabbit,@researchrabbit,1,1,0,10,https://x.com/RsrchRabbit/status/2052393162576933272,
Saveto AI,saveto-ai,@saveto_ai,1,1,0,10,https://x.com/UneedLists/status/2048659924251803870,
Ava Studio,ava-studio,@avastudio_ai,0,0,0,0,,
Clipline,clipline,@clipline_ai,0,0,0,0,,
Co-Invest,co-invest,@coinvest_ai,0,0,0,0,,
Convai,convai,@convai,0,0,0,0,,
Dreamina,dreamina,@DreaminaAI,0,0,0,0,,
Dune Keypad,dune-keypad,@projectmirageai,0,0,0,0,,
Krater,krater,@krater_ai,0,0,0,0,,
MCP Bridge | Appfactor,mcp-bridge-appfactor,@appfactor,0,0,0,0,,
Mina Meeting Assistant,mina-meeting-assistant,@HeyMinaAI,1,0,1,0,,hard_reject_non_english:1
Rezonant,rezonant,@rezonant_ai,0,0,0,0,,
SkyReels,skyreels,@SkyReelsAI,0,0,0,0,,
Tokenwise,tokenwise,@tokenwise_ai,0,0,0,0,,
